{"PPO": {"8": {"seed": 23, "trial_1": {"baseline": {"time_steps": [4194304.0, 41943040.0], "return": {"0": 18.7900714, "1": 409.33330705}}, "garage-TF": {"time_steps": [4915200.0, 9830400.0, 14745600.0, 19660800.0, 24576000.0, 29491200.0, 34406400.0, 39321600.0, 44236800.0, 49152000.0], "return": {"0": 5300.1890113338, "1": 8928.9494524995, "2": 29092.8601401974, "3": 42724.5990780644, "4": 42609.8521381124, "5": 43246.7609409312, "6": 32095.9921644803, "7": 33467.0498808285, "8": 51762.6252132861, "9": 35733.4870423013}}}}, "4": {"seed": 69, "trial_1": {"baseline": {"time_steps": [4194304.0, 41943040.0], "return": {"0": 16.4839266, "1": 865.55609039}}, "garage-TF": {"time_steps": [4915200.0, 9830400.0, 14745600.0, 19660800.0, 24576000.0, 29491200.0, 34406400.0, 39321600.0, 44236800.0, 49152000.0], "return": {"0": 9305.3079471604, "1": 9470.3520697067, "2": 26115.3267240156, "3": 43450.105495668, "4": 44971.6895918335, "5": 28952.9229780117, "6": 28890.9048395744, "7": 45884.1369770171, "8": 30791.5063780028, "9": 27559.5461226533}}}}, "5": {"seed": 17, "trial_1": {"baseline": {"time_steps": [4194304.0, 41943040.0], "return": {"0": -13.83239325, "1": 761.0141562}}, "garage-TF": {"time_steps": [4915200.0, 9830400.0, 14745600.0, 19660800.0, 24576000.0, 29491200.0, 34406400.0, 39321600.0, 44236800.0, 49152000.0], "return": {"0": 3410.2584309796, "1": 3987.4866200729, "2": 18001.4160529942, "3": 37519.5599015022, "4": 48136.8376517011, "5": 50980.5586505243, "6": 44257.3127962001, "7": 46262.0786605449, "8": 41331.8382989449, "9": 47304.3889283829}}}}, "3": {"seed": 18, "trial_1": {"baseline": {"time_steps": [4194304.0, 41943040.0], "return": {"0": -29.60885365, "1": -16.11303775}}, "garage-TF": {"time_steps": [4915200.0, 9830400.0, 14745600.0, 19660800.0, 24576000.0, 29491200.0, 34406400.0, 39321600.0, 44236800.0, 49152000.0], "return": {"0": 13012.4275779314, "1": 23480.709202401, "2": 28566.0519486127, "3": 49479.8825591717, "4": 39707.7820261221, "5": 48252.2493551562, "6": 41875.6995196636, "7": 44456.9385468247, "8": 46696.7254713262, "9": 40830.0747475577}}}}, "1": {"seed": 99, "trial_1": {"baseline": {"time_steps": [4194304.0, 41943040.0], "return": {"0": -13.0286955, "1": 1105.07712698}}, "garage-TF": {"time_steps": [4915200.0, 9830400.0, 14745600.0, 19660800.0, 24576000.0, 29491200.0, 34406400.0, 39321600.0, 44236800.0, 49152000.0], "return": {"0": 35316.9593535305, "1": 49311.418243814, "2": 38944.9369191049, "3": 32203.4185050997, "4": 32623.010724825, "5": 43689.8121563913, "6": 29689.2051122782, "7": 35150.6672690627, "8": 44213.0159821809, "9": 33926.698738069}}}}, "7": {"seed": 51, "trial_1": {"baseline": {"time_steps": [4194304.0, 41943040.0], "return": {"0": -13.8170965, "1": -15.06016188}}, "garage-TF": {"time_steps": [4915200.0, 9830400.0, 14745600.0, 19660800.0, 24576000.0, 29491200.0, 34406400.0, 39321600.0, 44236800.0, 49152000.0], "return": {"0": 6085.386575995, "1": 8847.024368794, "2": 24108.9148414383, "3": 44257.1512389542, "4": 43140.5276503289, "5": 43825.8059166737, "6": 35706.7113105579, "7": 48914.8432405808, "8": 39626.9629788073, "9": 44167.7798087811}}}}, "2": {"seed": 31, "trial_1": {"baseline": {"time_steps": [4194304.0, 41943040.0], "return": {"0": -16.14625815, "1": -14.42449419}}, "garage-TF": {"time_steps": [4915200.0, 9830400.0, 14745600.0, 19660800.0, 24576000.0, 29491200.0, 34406400.0, 39321600.0, 44236800.0, 49152000.0], "return": {"0": 4508.5268356287, "1": 5716.1069864346, "2": 21576.6554830413, "3": 40091.8227067898, "4": 42836.1981109736, "5": 52656.314129043, "6": 48695.7649377128, "7": 42424.8550781694, "8": 40561.9698340143, "9": 44735.1355729332}}}}, "6": {"seed": 1, "trial_1": {"baseline": {"time_steps": [4194304.0, 41943040.0], "return": {"0": -34.46524175, "1": 2714.23612019}}, "garage-TF": {"time_steps": [4915200.0, 9830400.0, 14745600.0, 19660800.0, 24576000.0, 29491200.0, 34406400.0, 39321600.0, 44236800.0, 49152000.0], "return": {"0": 1324.554528504, "1": 2080.8955934396, "2": 4594.0241678229, "3": 9926.8540084866, "4": 31192.9124962531, "5": 49642.8438476986, "6": 44318.6290617286, "7": 46533.8992322519, "8": 43439.466013725, "9": 37385.0893424135}}}}}, "TRPO": {}}